id,Created (UTC),Active,Currency,Url,Name
plink_1TgI4QGJtywdCBcEeXdk1WHf,2026-06-09 05:19,true,usd,https://buy.stripe.com/3cIcN5dvp8l01zfg1t4wM08,Small Dog Treats (10)
plink_1TgI41GJtywdCBcEldZbtNHh,2026-06-09 05:19,true,usd,https://buy.stripe.com/eVq28rdvp1WC91HdTl4wM07,Small Dog Treats (20)
plink_1TgI3bGJtywdCBcEvmh9eKtt,2026-06-09 05:18,true,usd,https://buy.stripe.com/7sY28reztgRw4LrcPh4wM06,Small Dog Treat (50)
plink_1TgI1KGJtywdCBcEpUO338i6,2026-06-09 05:16,true,usd,https://buy.stripe.com/3cI00j62XdFk3HndTl4wM05,Medium Dog Treats (10)
plink_1TgI0rGJtywdCBcEqSaA5QZY,2026-06-09 05:15,true,usd,https://buy.stripe.com/8x2dR93UP7gWfq5eXp4wM04,Medium Dog Treats (20)
plink_1TgI0QGJtywdCBcEaEIjjxpn,2026-06-09 05:15,true,usd,https://buy.stripe.com/14A3cvfDx6cS0vb8z14wM03,Medium Dog Treats (50)
plink_1TgHzuGJtywdCBcExge0LE5s,2026-06-09 05:14,true,usd,https://buy.stripe.com/8x26oH2QL9p44LrdTl4wM02,Large Dog Treats (10)
plink_1TgHz8GJtywdCBcEC0hruvJt,2026-06-09 05:13,true,usd,https://buy.stripe.com/eVq7sLfDxeJofq53eH4wM01,Large Dog Treats (20)
plink_1TgHxvGJtywdCBcE4uN5ep6M,2026-06-09 05:12,true,usd,https://buy.stripe.com/00w28r4YT1WC4LrcPh4wM00,Large Dog Treats (50)
